{
    "affinity_pred_value": -0.9200634956359863,
    "affinity_probability_binary": 0.8053655624389648,
    "affinity_pred_value1": -0.7079628109931946,
    "affinity_probability_binary1": 0.7871178984642029,
    "affinity_pred_value2": -1.1321641206741333,
    "affinity_probability_binary2": 0.8236132264137268
}