{
    "confidence_score": 0.9675273299217224,
    "ptm": 0.9834254384040833,
    "iptm": 0.9891980290412903,
    "ligand_iptm": 0.9891980290412903,
    "protein_iptm": 0.0,
    "complex_plddt": 0.9621096253395081,
    "complex_iplddt": 0.9635710120201111,
    "complex_pde": 0.2966999411582947,
    "complex_ipde": 0.3373875319957733,
    "chains_ptm": {
        "0": 0.9834299683570862,
        "1": 0.9578381776809692
    },
    "pair_chains_iptm": {
        "0": {
            "0": 0.9834299683570862,
            "1": 0.6918779015541077
        },
        "1": {
            "0": 0.9891980290412903,
            "1": 0.9578381776809692
        }
    }
}