smiles,known_binder,index,free_energy,BBB,Non-toxic,Solubilty,Bioavailability,hErgSafe
CN1C(=O)C2=CC=CC3=C(C=CC1=C23)S(=O)(=O)N4CC=5C=CC=CC5C=6C=CC=CC6C4,False,38,-12.37,62.69872043427685,39.89918573090345,0.9305932531989143,40.24815820085304,89.64715005816208
O=C1NC(CN2CCC(CC2)C3=NC=4C=CC=CC4N3)=NC=5C6=CC=CC=C6OC15,False,75,-11.398,55.21519968980225,98.29391236913533,17.75882124854595,29.236138037999226,95.19193485847228
O=C(NC1=NC=2C=CC=CC2N1C3CCCC3)C4=COC(=N4)C5CCOCC5,False,20,-10.233,82.51260178363707,78.44125630089182,16.401706087630863,71.53935633966654,76.69639395114385
O=C(CSC=1C=CC=C(Br)C1)N2CCC3=C(C2)N=CN3C=4C=CC(F)=CC4,False,49,-10.186,82.55137650252036,47.18883288096161,29.08103916246607,54.28460643660333,83.75339278790229
O=C(NC1=NN=C2C=CC=CN12)C=3C=CC=C(C3)NC=4C=CC=CC4,False,18,-10.183,64.24970918960837,83.28809616130283,12.44668476153548,85.92477704536643,64.94765412950755
c1ccc(Nc2nc(OCC3CCCCC3)c3[nH]cnc3n2)cc1,True,0,-9.725,70.80263668088406,47.576580069794495,10.39162466072121,85.92477704536643,81.15548662272198
